{
    "0": {
        "0": {
            "GXT": "T_FMF_0_0",
            "Localized": "None"
        }
    },
    "1": {
        "0": {
            "GXT": "T_FMF_1_0",
            "Localized": "Gold Deco Earrings"
        },
        "1": {
            "GXT": "T_FMF_1_1",
            "Localized": "Silver Deco Earrings"
        },
        "2": {
            "GXT": "T_FMF_1_2",
            "Localized": "Pearl Deco Earrings"
        },
        "3": {
            "GXT": "T_FMF_1_3",
            "Localized": "Copper Deco Earrings"
        },
        "4": {
            "GXT": "T_FMF_1_4",
            "Localized": "B&W Deco Earrings"
        },
        "5": {
            "GXT": "T_FMF_1_5",
            "Localized": "Blue Striped Deco Earrings"
        }
    },
    "2": {
        "0": {
            "GXT": "T_FMF_2_0",
            "Localized": "Gold Hoop Earrings"
        },
        "1": {
            "GXT": "T_FMF_2_1",
            "Localized": "Silver Hoop Earrings"
        },
        "2": {
            "GXT": "T_FMF_2_2",
            "Localized": "Pink Hoop Earrings"
        },
        "3": {
            "GXT": "T_FMF_2_3",
            "Localized": "Copper Hoop Earrings"
        },
        "4": {
            "GXT": "T_FMF_2_4",
            "Localized": "Purple Hoop Earrings"
        },
        "5": {
            "GXT": "T_FMF_2_5",
            "Localized": "White Hoop Earrings"
        }
    },
    "3": {
        "0": {
            "GXT": "T_FMF_3_0",
            "Localized": "Harsh Souls Sweatband"
        },
        "1": {
            "GXT": "T_FMF_3_1",
            "Localized": "Prolaps Sweatband"
        },
        "2": {
            "GXT": "T_FMF_3_2",
            "Localized": "LC Sweatband"
        },
        "3": {
            "GXT": "T_FMF_3_3",
            "Localized": "Aqua Striped Sweatband"
        },
        "4": {
            "GXT": "T_FMF_3_4",
            "Localized": "Pink Check Sweatband"
        },
        "5": {
            "GXT": "T_FMF_3_5",
            "Localized": "Squeezers Sweatband"
        }
    },
    "4": {
        "0": {
            "GXT": "NO_LABEL",
            "Localized": "NULL"
        },
        "1": {
            "GXT": "NO_LABEL",
            "Localized": "NULL"
        },
        "2": {
            "GXT": "T_FMF_4_2",
            "Localized": "Zebra Bangles"
        },
        "3": {
            "GXT": "T_FMF_4_3",
            "Localized": "Gold Bangles"
        },
        "4": {
            "GXT": "NO_LABEL",
            "Localized": "NULL"
        },
        "5": {
            "GXT": "NO_LABEL",
            "Localized": "NULL"
        }
    },
    "5": {
        "0": {
            "GXT": "NO_LABEL",
            "Localized": "NULL"
        },
        "1": {
            "GXT": "NO_LABEL",
            "Localized": "NULL"
        },
        "2": {
            "GXT": "NO_LABEL",
            "Localized": "NULL"
        },
        "3": {
            "GXT": "NO_LABEL",
            "Localized": "NULL"
        },
        "4": {
            "GXT": "T_FMF_5_4",
            "Localized": "White Leather Straps"
        },
        "5": {
            "GXT": "T_FMF_5_5",
            "Localized": "Rainbow Leather Straps"
        }
    },
    "6": {
        "0": {
            "GXT": "T_FMF_6_0",
            "Localized": "Onyx Pendant"
        },
        "1": {
            "GXT": "T_FMF_6_1",
            "Localized": "Pearl Pendant"
        },
        "2": {
            "GXT": "T_FMF_6_2",
            "Localized": "Jade Pendant"
        },
        "3": {
            "GXT": "T_FMF_6_3",
            "Localized": "Carnelian Pendant"
        },
        "4": {
            "GXT": "T_FMF_6_4",
            "Localized": "Aquamarine Pendant"
        },
        "5": {
            "GXT": "T_FMF_6_5",
            "Localized": "Amethyst Pendant"
        }
    },
    "7": {
        "0": {
            "GXT": "T_FMF_7_0",
            "Localized": "Gold Necklace"
        },
        "1": {
            "GXT": "T_FMF_7_1",
            "Localized": "Silver Necklace"
        },
        "2": {
            "GXT": "NO_LABEL",
            "Localized": "NULL"
        },
        "3": {
            "GXT": "NO_LABEL",
            "Localized": "NULL"
        },
        "4": {
            "GXT": "NO_LABEL",
            "Localized": "NULL"
        },
        "5": {
            "GXT": "NO_LABEL",
            "Localized": "NULL"
        }
    },
    "8": {
        "0": {
            "GXT": "NO_LABEL",
            "Localized": "NULL"
        },
        "1": {
            "GXT": "NO_LABEL",
            "Localized": "NULL"
        },
        "2": {
            "GXT": "NO_LABEL",
            "Localized": "NULL"
        },
        "3": {
            "GXT": "NO_LABEL",
            "Localized": "NULL"
        },
        "4": {
            "GXT": "NO_LABEL",
            "Localized": "NULL"
        },
        "5": {
            "GXT": "NO_LABEL",
            "Localized": "NULL"
        }
    },
    "9": {
        "0": {
            "GXT": "T_FMF_9_0",
            "Localized": "Black Tassel Scarf"
        },
        "1": {
            "GXT": "NO_LABEL",
            "Localized": "NULL"
        },
        "2": {
            "GXT": "NO_LABEL",
            "Localized": "NULL"
        },
        "3": {
            "GXT": "NO_LABEL",
            "Localized": "NULL"
        },
        "4": {
            "GXT": "NO_LABEL",
            "Localized": "NULL"
        },
        "5": {
            "GXT": "NO_LABEL",
            "Localized": "NULL"
        }
    },
    "10": {
        "0": {
            "GXT": "CLO_BBF_T_1_0",
            "Localized": "Floral Bangles"
        },
        "1": {
            "GXT": "CLO_BBF_T_1_1",
            "Localized": "MyMy Psychedelic Bangles"
        },
        "2": {
            "GXT": "CLO_BBF_T_1_2",
            "Localized": "Green Bangles"
        },
        "3": {
            "GXT": "CLO_BBF_T_1_3",
            "Localized": "Red Bangles"
        }
    },
    "11": {
        "0": {
            "GXT": "CLO_BBF_T_2_0",
            "Localized": "MyMy Black Heart Necklace"
        },
        "1": {
            "GXT": "CLO_BBF_T_2_1",
            "Localized": "MyMy Pink Heart Necklace"
        },
        "2": {
            "GXT": "CLO_BBF_T_2_2",
            "Localized": "Rose Heart Necklace"
        },
        "3": {
            "GXT": "CLO_BBF_T_2_3",
            "Localized": "All Silver Heart Necklace"
        }
    },
    "12": {
        "0": {
            "GXT": "CLO_VALF_T_0_0",
            "Localized": "White Beads"
        },
        "1": {
            "GXT": "CLO_VALF_T_0_1",
            "Localized": "Silver Beads"
        },
        "2": {
            "GXT": "CLO_VALF_T_0_2",
            "Localized": "Black Beads"
        }
    },
    "13": {
        "0": {
            "GXT": "CLO_BUSF_T_0_0",
            "Localized": "Spotted Bow Scarf"
        },
        "1": {
            "GXT": "CLO_BUSF_T_0_1",
            "Localized": "Floral Bow Scarf"
        },
        "2": {
            "GXT": "CLO_BUSF_T_0_2",
            "Localized": "Pink Bow Scarf"
        },
        "3": {
            "GXT": "CLO_BUSF_T_0_3",
            "Localized": "Red Bow Scarf"
        },
        "4": {
            "GXT": "CLO_BUSF_T_0_4",
            "Localized": "Leopard Bow Scarf"
        },
        "5": {
            "GXT": "CLO_BUSF_T_0_5",
            "Localized": "White Bow Scarf"
        }
    },
    "14": {
        "0": {
            "GXT": "CLO_HP_F_T_0_0",
            "Localized": "Black & White Leather Straps"
        },
        "1": {
            "GXT": "CLO_HP_F_T_0_1",
            "Localized": "Summer Leather Straps"
        },
        "2": {
            "GXT": "CLO_HP_F_T_0_2",
            "Localized": "Candy Leather Straps"
        },
        "3": {
            "GXT": "CLO_HP_F_T_0_3",
            "Localized": "Pink Check Leather Straps"
        }
    },
    "15": {
        "0": {
            "GXT": "CLO_HP_F_T_1_0",
            "Localized": "Red Tassel Scarf"
        },
        "1": {
            "GXT": "CLO_HP_F_T_1_1",
            "Localized": "Purple Tassel Scarf"
        },
        "2": {
            "GXT": "CLO_HP_F_T_1_2",
            "Localized": "Olive Tassel Scarf"
        },
        "3": {
            "GXT": "CLO_HP_F_T_1_3",
            "Localized": "Pink Tassel Scarf"
        },
        "4": {
            "GXT": "CLO_HP_F_T_1_4",
            "Localized": "Teal Tassel Scarf"
        }
    },
    "16": {
        "0": {
            "GXT": "NO_LABEL",
            "Localized": "NULL"
        }
    },
    "17": {
        "0": {
            "GXT": "CLO_X2F_T_0_0",
            "Localized": "Stripy Scarf"
        },
        "1": {
            "GXT": "CLO_X2F_T_0_1",
            "Localized": "Joy Scarf"
        },
        "2": {
            "GXT": "CLO_X2F_T_0_2",
            "Localized": "Snowflake Scarf"
        },
        "3": {
            "GXT": "CLO_X2F_T_0_3",
            "Localized": "Storm Scarf"
        }
    },
    "18": {
        "0": {
            "GXT": "CLO_X2F_T_0_0",
            "Localized": "Stripy Scarf"
        },
        "1": {
            "GXT": "CLO_X2F_T_0_1",
            "Localized": "Joy Scarf"
        },
        "2": {
            "GXT": "CLO_X2F_T_0_2",
            "Localized": "Snowflake Scarf"
        },
        "3": {
            "GXT": "CLO_X2F_T_0_3",
            "Localized": "Storm Scarf"
        }
    },
    "19": {
        "0": {
            "GXT": "CLO_HSTF_T_0_0",
            "Localized": "Black Loose Bow Tie"
        }
    },
    "20": {
        "0": {
            "GXT": "CLO_HSTF_T_1_0",
            "Localized": "Charcoal Loose Tie"
        },
        "1": {
            "GXT": "CLO_HSTF_T_1_1",
            "Localized": "Khaki Hatch Loose Tie"
        },
        "2": {
            "GXT": "CLO_HSTF_T_1_2",
            "Localized": "White Stripy Loose Tie"
        },
        "3": {
            "GXT": "CLO_HSTF_T_1_3",
            "Localized": "Green Loose Tie"
        },
        "4": {
            "GXT": "CLO_HSTF_T_1_4",
            "Localized": "Purple Diamond Loose Tie"
        },
        "5": {
            "GXT": "CLO_HSTF_T_1_5",
            "Localized": "Fuchsia Loose Tie"
        },
        "6": {
            "GXT": "CLO_HSTF_T_1_6",
            "Localized": "Gray Diamond Loose Tie"
        },
        "7": {
            "GXT": "CLO_HSTF_T_1_7",
            "Localized": "Tan Loose Tie"
        },
        "8": {
            "GXT": "CLO_HSTF_T_1_8",
            "Localized": "Blue Stripy Loose Tie"
        },
        "9": {
            "GXT": "CLO_HSTF_T_1_9",
            "Localized": "Teal Loose Tie"
        },
        "10": {
            "GXT": "CLO_HSTF_T_1_10",
            "Localized": "Orange Loose Tie"
        },
        "11": {
            "GXT": "CLO_HSTF_T_1_11",
            "Localized": "Blue Diamond Loose Tie"
        },
        "12": {
            "GXT": "CLO_HSTF_T_1_12",
            "Localized": "Tan Stripy Loose Tie"
        },
        "13": {
            "GXT": "CLO_HSTF_T_1_13",
            "Localized": "Pink Loose Tie"
        },
        "14": {
            "GXT": "CLO_HSTF_T_1_14",
            "Localized": "Green Diamond Loose Tie"
        },
        "15": {
            "GXT": "CLO_HSTF_T_1_15",
            "Localized": "Blue Hatch Loose Tie"
        }
    },
    "21": {
        "0": {
            "GXT": "CLO_HSTF_T_2_0",
            "Localized": "White Skinny Tie"
        },
        "1": {
            "GXT": "CLO_HSTF_T_2_1",
            "Localized": "Gray Skinny Tie"
        },
        "2": {
            "GXT": "CLO_HSTF_T_2_2",
            "Localized": "Black Skinny Tie"
        }
    },
    "22": {
        "0": {
            "GXT": "CLO_HSTF_T_3_0",
            "Localized": "Charcoal Straight Tie"
        },
        "1": {
            "GXT": "CLO_HSTF_T_3_1",
            "Localized": "Khaki Hatch Straight Tie"
        },
        "2": {
            "GXT": "CLO_HSTF_T_3_2",
            "Localized": "White Stripy Straight Tie"
        },
        "3": {
            "GXT": "CLO_HSTF_T_3_3",
            "Localized": "Green Straight Tie"
        },
        "4": {
            "GXT": "CLO_HSTF_T_3_4",
            "Localized": "Purple Diamond Straight Tie"
        },
        "5": {
            "GXT": "CLO_HSTF_T_3_5",
            "Localized": "Fuchsia Straight Tie"
        },
        "6": {
            "GXT": "CLO_HSTF_T_3_6",
            "Localized": "Gray Diamond Straight Tie"
        },
        "7": {
            "GXT": "CLO_HSTF_T_3_7",
            "Localized": "Tan Straight Tie"
        },
        "8": {
            "GXT": "CLO_HSTF_T_3_8",
            "Localized": "Blue Stripy Straight Tie"
        },
        "9": {
            "GXT": "CLO_HSTF_T_3_9",
            "Localized": "Teal Straight Tie"
        },
        "10": {
            "GXT": "CLO_HSTF_T_3_10",
            "Localized": "Orange Straight Tie"
        },
        "11": {
            "GXT": "CLO_HSTF_T_3_11",
            "Localized": "Blue Diamond Straight Tie"
        },
        "12": {
            "GXT": "CLO_HSTF_T_3_12",
            "Localized": "Tan Stripy Straight Tie"
        },
        "13": {
            "GXT": "CLO_HSTF_T_3_13",
            "Localized": "Pink Straight Tie"
        },
        "14": {
            "GXT": "CLO_HSTF_T_3_14",
            "Localized": "Green Diamond Straight Tie"
        },
        "15": {
            "GXT": "CLO_HSTF_T_3_15",
            "Localized": "Blue Hatch Straight Tie"
        }
    },
    "23": {
        "0": {
            "GXT": "CLO_HSTF_T_4_0",
            "Localized": "Black Bow Tie"
        },
        "1": {
            "GXT": "CLO_HSTF_T_4_1",
            "Localized": "White Bow Tie"
        },
        "2": {
            "GXT": "CLO_HSTF_T_4_2",
            "Localized": "Red Bow Tie"
        }
    },
    "24": {
        "0": {
            "GXT": "NO_LABEL",
            "Localized": "NULL"
        }
    },
    "25": {
        "0": {
            "GXT": "NO_LABEL",
            "Localized": "NULL"
        }
    },
    "26": {
        "0": {
            "GXT": "CLO_HSTF_T_1_0",
            "Localized": "Charcoal Loose Tie"
        },
        "1": {
            "GXT": "CLO_HSTF_T_1_1",
            "Localized": "Khaki Hatch Loose Tie"
        },
        "2": {
            "GXT": "CLO_HSTF_T_1_2",
            "Localized": "White Stripy Loose Tie"
        },
        "3": {
            "GXT": "CLO_HSTF_T_1_3",
            "Localized": "Green Loose Tie"
        },
        "4": {
            "GXT": "CLO_HSTF_T_1_4",
            "Localized": "Purple Diamond Loose Tie"
        },
        "5": {
            "GXT": "CLO_HSTF_T_1_5",
            "Localized": "Fuchsia Loose Tie"
        },
        "6": {
            "GXT": "CLO_HSTF_T_1_6",
            "Localized": "Gray Diamond Loose Tie"
        },
        "7": {
            "GXT": "CLO_HSTF_T_1_7",
            "Localized": "Tan Loose Tie"
        },
        "8": {
            "GXT": "CLO_HSTF_T_1_8",
            "Localized": "Blue Stripy Loose Tie"
        },
        "9": {
            "GXT": "CLO_HSTF_T_1_9",
            "Localized": "Teal Loose Tie"
        },
        "10": {
            "GXT": "CLO_HSTF_T_1_10",
            "Localized": "Orange Loose Tie"
        },
        "11": {
            "GXT": "CLO_HSTF_T_1_11",
            "Localized": "Blue Diamond Loose Tie"
        },
        "12": {
            "GXT": "CLO_HSTF_T_1_12",
            "Localized": "Tan Stripy Loose Tie"
        },
        "13": {
            "GXT": "CLO_HSTF_T_1_13",
            "Localized": "Pink Loose Tie"
        },
        "14": {
            "GXT": "CLO_HSTF_T_1_14",
            "Localized": "Green Diamond Loose Tie"
        },
        "15": {
            "GXT": "CLO_HSTF_T_1_15",
            "Localized": "Blue Hatch Loose Tie"
        }
    },
    "27": {
        "0": {
            "GXT": "CLO_HSTF_T_2_0",
            "Localized": "White Skinny Tie"
        },
        "1": {
            "GXT": "CLO_HSTF_T_2_1",
            "Localized": "Gray Skinny Tie"
        },
        "2": {
            "GXT": "CLO_HSTF_T_2_2",
            "Localized": "Black Skinny Tie"
        }
    },
    "28": {
        "0": {
            "GXT": "CLO_HSTF_T_3_0",
            "Localized": "Charcoal Straight Tie"
        },
        "1": {
            "GXT": "CLO_HSTF_T_3_1",
            "Localized": "Khaki Hatch Straight Tie"
        },
        "2": {
            "GXT": "CLO_HSTF_T_3_2",
            "Localized": "White Stripy Straight Tie"
        },
        "3": {
            "GXT": "NO_LABEL",
            "Localized": "NULL"
        },
        "4": {
            "GXT": "CLO_HSTF_T_3_4",
            "Localized": "Purple Diamond Straight Tie"
        },
        "5": {
            "GXT": "CLO_HSTF_T_3_5",
            "Localized": "Fuchsia Straight Tie"
        },
        "6": {
            "GXT": "CLO_HSTF_T_3_6",
            "Localized": "Gray Diamond Straight Tie"
        },
        "7": {
            "GXT": "CLO_HSTF_T_3_7",
            "Localized": "Tan Straight Tie"
        },
        "8": {
            "GXT": "CLO_HSTF_T_3_8",
            "Localized": "Blue Stripy Straight Tie"
        },
        "9": {
            "GXT": "CLO_HSTF_T_3_9",
            "Localized": "Teal Straight Tie"
        },
        "10": {
            "GXT": "CLO_HSTF_T_3_10",
            "Localized": "Orange Straight Tie"
        },
        "11": {
            "GXT": "CLO_HSTF_T_3_11",
            "Localized": "Blue Diamond Straight Tie"
        },
        "12": {
            "GXT": "CLO_HSTF_T_3_12",
            "Localized": "Tan Stripy Straight Tie"
        },
        "13": {
            "GXT": "CLO_HSTF_T_3_13",
            "Localized": "Pink Straight Tie"
        },
        "14": {
            "GXT": "CLO_HSTF_T_3_14",
            "Localized": "Green Diamond Straight Tie"
        },
        "15": {
            "GXT": "CLO_HSTF_T_3_15",
            "Localized": "Blue Hatch Straight Tie"
        }
    },
    "29": {
        "0": {
            "GXT": "CLO_LXF_T_10_0",
            "Localized": "Gold SN Necklace"
        },
        "1": {
            "GXT": "CLO_LXF_T_10_1",
            "Localized": "Platinum SN Necklace"
        }
    },
    "30": {
        "0": {
            "GXT": "CLO_LXF_T_11_0",
            "Localized": "Gold Skull Necklace"
        },
        "1": {
            "GXT": "CLO_LXF_T_11_1",
            "Localized": "Platinum Skull Necklace"
        }
    },
    "31": {
        "0": {
            "GXT": "CLO_LXF_T_12_0",
            "Localized": "Platinum Balaclava Necklace"
        }
    },
    "32": {
        "0": {
            "GXT": "CLO_LXF_T_14_0",
            "Localized": "Gold Zorse Necklace"
        },
        "1": {
            "GXT": "CLO_LXF_T_14_1",
            "Localized": "Platinum Zorse Necklace"
        }
    },
    "33": {
        "0": {
            "GXT": "CLO_LXF_T_15_0",
            "Localized": "Gold LC Necklace"
        },
        "1": {
            "GXT": "CLO_LXF_T_15_1",
            "Localized": "Platinum LC Necklace"
        }
    },
    "34": {
        "0": {
            "GXT": "CLO_LXF_T_16_0",
            "Localized": "Gold Dix Necklace"
        },
        "1": {
            "GXT": "CLO_LXF_T_16_1",
            "Localized": "Platinum Dix Necklace"
        }
    },
    "35": {
        "0": {
            "GXT": "CLO_LXF_T_17_0",
            "Localized": "Gold Le Chien Necklace"
        },
        "1": {
            "GXT": "CLO_LXF_T_17_1",
            "Localized": "Platinum Le Chien Necklace"
        }
    },
    "36": {
        "0": {
            "GXT": "CLO_LXF_T_10_0",
            "Localized": "Gold SN Necklace"
        },
        "1": {
            "GXT": "CLO_LXF_T_10_1",
            "Localized": "Platinum SN Necklace"
        }
    },
    "37": {
        "0": {
            "GXT": "CLO_LXF_T_11_0",
            "Localized": "Gold Skull Necklace"
        },
        "1": {
            "GXT": "CLO_LXF_T_11_1",
            "Localized": "Platinum Skull Necklace"
        }
    },
    "38": {
        "0": {
            "GXT": "CLO_LXF_T_12_0",
            "Localized": "Platinum Balaclava Necklace"
        }
    },
    "39": {
        "0": {
            "GXT": "CLO_LXF_T_14_0",
            "Localized": "Gold Zorse Necklace"
        },
        "1": {
            "GXT": "CLO_LXF_T_14_1",
            "Localized": "Platinum Zorse Necklace"
        }
    },
    "40": {
        "0": {
            "GXT": "CLO_LXF_T_15_0",
            "Localized": "Gold LC Necklace"
        },
        "1": {
            "GXT": "CLO_LXF_T_15_1",
            "Localized": "Platinum LC Necklace"
        }
    },
    "41": {
        "0": {
            "GXT": "CLO_LXF_T_16_0",
            "Localized": "Gold Dix Necklace"
        },
        "1": {
            "GXT": "CLO_LXF_T_16_1",
            "Localized": "Platinum Dix Necklace"
        }
    },
    "42": {
        "0": {
            "GXT": "CLO_LXF_T_17_0",
            "Localized": "Gold Le Chien Necklace"
        },
        "1": {
            "GXT": "CLO_LXF_T_17_1",
            "Localized": "Platinum Le Chien Necklace"
        }
    },
    "43": {
        "0": {
            "GXT": "NO_LABEL",
            "Localized": "NULL"
        }
    },
    "44": {
        "0": {
            "GXT": "NO_LABEL",
            "Localized": "NULL"
        }
    },
    "45": {
        "0": {
            "GXT": "NO_LABEL",
            "Localized": "NULL"
        }
    },
    "46": {
        "0": {
            "GXT": "NO_LABEL",
            "Localized": "NULL"
        },
        "1": {
            "GXT": "NO_LABEL",
            "Localized": "NULL"
        },
        "2": {
            "GXT": "NO_LABEL",
            "Localized": "NULL"
        }
    },
    "47": {
        "0": {
            "GXT": "NO_LABEL",
            "Localized": "NULL"
        },
        "1": {
            "GXT": "NO_LABEL",
            "Localized": "NULL"
        },
        "2": {
            "GXT": "NO_LABEL",
            "Localized": "NULL"
        }
    },
    "48": {
        "0": {
            "GXT": "NO_LABEL",
            "Localized": "NULL"
        },
        "1": {
            "GXT": "NO_LABEL",
            "Localized": "NULL"
        },
        "2": {
            "GXT": "NO_LABEL",
            "Localized": "NULL"
        }
    },
    "49": {
        "0": {
            "GXT": "NO_LABEL",
            "Localized": "NULL"
        },
        "1": {
            "GXT": "NO_LABEL",
            "Localized": "NULL"
        },
        "2": {
            "GXT": "NO_LABEL",
            "Localized": "NULL"
        }
    },
    "50": {
        "0": {
            "GXT": "NO_LABEL",
            "Localized": "NULL"
        },
        "1": {
            "GXT": "NO_LABEL",
            "Localized": "NULL"
        },
        "2": {
            "GXT": "NO_LABEL",
            "Localized": "NULL"
        }
    },
    "51": {
        "0": {
            "GXT": "NO_LABEL",
            "Localized": "NULL"
        },
        "1": {
            "GXT": "NO_LABEL",
            "Localized": "NULL"
        },
        "2": {
            "GXT": "NO_LABEL",
            "Localized": "NULL"
        }
    },
    "52": {
        "0": {
            "GXT": "NO_LABEL",
            "Localized": "NULL"
        },
        "1": {
            "GXT": "NO_LABEL",
            "Localized": "NULL"
        },
        "2": {
            "GXT": "NO_LABEL",
            "Localized": "NULL"
        }
    },
    "53": {
        "0": {
            "GXT": "CLO_L2F_T_0_0",
            "Localized": "Gold Loose Link Chain"
        },
        "1": {
            "GXT": "CLO_L2F_T_0_1",
            "Localized": "Platinum Loose Link Chain"
        }
    },
    "54": {
        "0": {
            "GXT": "CLO_L2F_T_1_0",
            "Localized": "Gold Belcher Chain"
        },
        "1": {
            "GXT": "CLO_L2F_T_1_1",
            "Localized": "Platinum Belcher Chain"
        }
    },
    "55": {
        "0": {
            "GXT": "CLO_L2F_T_2_0",
            "Localized": "Gold Pretzel Chain"
        },
        "1": {
            "GXT": "CLO_L2F_T_2_1",
            "Localized": "Platinum Pretzel Chain"
        }
    },
    "56": {
        "0": {
            "GXT": "CLO_L2F_T_3_0",
            "Localized": "Gold Curb Chain"
        },
        "1": {
            "GXT": "CLO_L2F_T_3_1",
            "Localized": "Platinum Curb Chain"
        }
    },
    "57": {
        "0": {
            "GXT": "CLO_L2F_T_4_0",
            "Localized": "Gold Diamond Curb Chain"
        },
        "1": {
            "GXT": "CLO_L2F_T_4_1",
            "Localized": "Platinum Diamond Curb Chain"
        }
    },
    "58": {
        "0": {
            "GXT": "CLO_L2F_T_5_0",
            "Localized": "Gold Heavy Curb Chain"
        },
        "1": {
            "GXT": "CLO_L2F_T_5_1",
            "Localized": "Platinum Heavy Curb Chain"
        }
    },
    "59": {
        "0": {
            "GXT": "CLO_L2F_T_6_0",
            "Localized": "Gold Heavy Square Chain"
        },
        "1": {
            "GXT": "CLO_L2F_T_6_1",
            "Localized": "Platinum Heavy Square Chain"
        }
    },
    "60": {
        "0": {
            "GXT": "CLO_L2F_T_7_0",
            "Localized": "Gold Square Chain"
        },
        "1": {
            "GXT": "CLO_L2F_T_7_1",
            "Localized": "Platinum Square Chain"
        }
    },
    "61": {
        "0": {
            "GXT": "CLO_L2F_T_8_0",
            "Localized": "Gold Popcorn Chain"
        },
        "1": {
            "GXT": "CLO_L2F_T_8_1",
            "Localized": "Platinum Popcorn Chain"
        }
    },
    "62": {
        "0": {
            "GXT": "CLO_L2F_T_9_0",
            "Localized": "Gold Rope Chain"
        },
        "1": {
            "GXT": "CLO_L2F_T_9_1",
            "Localized": "Platinum Rope Chain"
        }
    },
    "63": {
        "0": {
            "GXT": "CLO_L2F_T_13_0",
            "Localized": "Blue Plaid Woolen Scarf"
        },
        "1": {
            "GXT": "CLO_L2F_T_13_1",
            "Localized": "Green Plaid Woolen Scarf"
        },
        "2": {
            "GXT": "CLO_L2F_T_13_2",
            "Localized": "Tan Plaid Woolen Scarf"
        },
        "3": {
            "GXT": "CLO_L2F_T_13_3",
            "Localized": "Gray Plaid Woolen Scarf"
        },
        "4": {
            "GXT": "CLO_L2F_T_13_4",
            "Localized": "Black Plaid Woolen Scarf"
        },
        "5": {
            "GXT": "CLO_L2F_T_13_5",
            "Localized": "Peach Plaid Woolen Scarf"
        }
    },
    "64": {
        "0": {
            "GXT": "CLO_L2F_T_0_0",
            "Localized": "Gold Loose Link Chain"
        },
        "1": {
            "GXT": "CLO_L2F_T_0_1",
            "Localized": "Platinum Loose Link Chain"
        }
    },
    "65": {
        "0": {
            "GXT": "CLO_L2F_T_1_0",
            "Localized": "Gold Belcher Chain"
        },
        "1": {
            "GXT": "CLO_L2F_T_1_1",
            "Localized": "Platinum Belcher Chain"
        }
    },
    "66": {
        "0": {
            "GXT": "CLO_L2F_T_2_0",
            "Localized": "Gold Pretzel Chain"
        },
        "1": {
            "GXT": "CLO_L2F_T_2_1",
            "Localized": "Platinum Pretzel Chain"
        }
    },
    "67": {
        "0": {
            "GXT": "CLO_L2F_T_3_0",
            "Localized": "Gold Curb Chain"
        },
        "1": {
            "GXT": "CLO_L2F_T_3_1",
            "Localized": "Platinum Curb Chain"
        }
    },
    "68": {
        "0": {
            "GXT": "CLO_L2F_T_4_0",
            "Localized": "Gold Diamond Curb Chain"
        },
        "1": {
            "GXT": "CLO_L2F_T_4_1",
            "Localized": "Platinum Diamond Curb Chain"
        }
    },
    "69": {
        "0": {
            "GXT": "CLO_L2F_T_5_0",
            "Localized": "Gold Heavy Curb Chain"
        },
        "1": {
            "GXT": "CLO_L2F_T_5_1",
            "Localized": "Platinum Heavy Curb Chain"
        }
    },
    "70": {
        "0": {
            "GXT": "CLO_L2F_T_6_0",
            "Localized": "Gold Heavy Square Chain"
        },
        "1": {
            "GXT": "CLO_L2F_T_6_1",
            "Localized": "Platinum Heavy Square Chain"
        }
    },
    "71": {
        "0": {
            "GXT": "CLO_L2F_T_7_0",
            "Localized": "Gold Square Chain"
        },
        "1": {
            "GXT": "CLO_L2F_T_7_1",
            "Localized": "Platinum Square Chain"
        }
    },
    "72": {
        "0": {
            "GXT": "CLO_L2F_T_8_0",
            "Localized": "Gold Popcorn Chain"
        },
        "1": {
            "GXT": "CLO_L2F_T_8_1",
            "Localized": "Platinum Popcorn Chain"
        }
    },
    "73": {
        "0": {
            "GXT": "CLO_L2F_T_9_0",
            "Localized": "Gold Rope Chain"
        },
        "1": {
            "GXT": "CLO_L2F_T_9_1",
            "Localized": "Platinum Rope Chain"
        }
    },
    "74": {
        "0": {
            "GXT": "NO_LABEL",
            "Localized": "NULL"
        }
    },
    "75": {
        "0": {
            "GXT": "NO_LABEL",
            "Localized": "NULL"
        }
    },
    "76": {
        "0": {
            "GXT": "NO_LABEL",
            "Localized": "NULL"
        }
    },
    "77": {
        "0": {
            "GXT": "NO_LABEL",
            "Localized": "NULL"
        }
    },
    "78": {
        "0": {
            "GXT": "NO_LABEL",
            "Localized": "NULL"
        }
    },
    "79": {
        "0": {
            "GXT": "NO_LABEL",
            "Localized": "NULL"
        }
    },
    "80": {
        "0": {
            "GXT": "NO_LABEL",
            "Localized": "NULL"
        }
    },
    "81": {
        "0": {
            "GXT": "CLO_S1F_T_0_0",
            "Localized": "Gold Magnetics Necklace"
        },
        "1": {
            "GXT": "CLO_S1F_T_0_1",
            "Localized": "Platinum Magnetics Necklace"
        }
    },
    "82": {
        "0": {
            "GXT": "CLO_S1F_T_0_0",
            "Localized": "Gold Magnetics Necklace"
        },
        "1": {
            "GXT": "CLO_S1F_T_0_1",
            "Localized": "Platinum Magnetics Necklace"
        }
    },
    "83": {
        "0": {
            "GXT": "CLO_EXF_AT_0_0",
            "Localized": "Tan Desert Scarf"
        },
        "1": {
            "GXT": "CLO_EXF_AT_0_1",
            "Localized": "Khaki Desert Scarf"
        },
        "2": {
            "GXT": "CLO_EXF_AT_0_2",
            "Localized": "Black Desert Scarf"
        }
    },
    "84": {
        "0": {
            "GXT": "CLO_EXF_AT_1_0",
            "Localized": "Black Bead Necklace"
        }
    },
    "85": {
        "0": {
            "GXT": "NO_LABEL",
            "Localized": "NULL"
        }
    },
    "86": {
        "0": {
            "GXT": "NO_LABEL",
            "Localized": "NULL"
        },
        "1": {
            "GXT": "NO_LABEL",
            "Localized": "NULL"
        }
    },
    "87": {
        "0": {
            "GXT": "NO_LABEL",
            "Localized": "NULL"
        },
        "1": {
            "GXT": "NO_LABEL",
            "Localized": "NULL"
        },
        "2": {
            "GXT": "NO_LABEL",
            "Localized": "NULL"
        },
        "3": {
            "GXT": "NO_LABEL",
            "Localized": "NULL"
        },
        "4": {
            "GXT": "NO_LABEL",
            "Localized": "NULL"
        },
        "5": {
            "GXT": "NO_LABEL",
            "Localized": "NULL"
        },
        "6": {
            "GXT": "NO_LABEL",
            "Localized": "NULL"
        },
        "7": {
            "GXT": "NO_LABEL",
            "Localized": "NULL"
        },
        "8": {
            "GXT": "NO_LABEL",
            "Localized": "NULL"
        },
        "9": {
            "GXT": "NO_LABEL",
            "Localized": "NULL"
        }
    },
    "88": {
        "0": {
            "GXT": "CLO_S2F_T_0_0",
            "Localized": "Black Suspenders"
        },
        "1": {
            "GXT": "CLO_S2F_T_0_1",
            "Localized": "White Suspenders"
        },
        "2": {
            "GXT": "CLO_S2F_T_0_2",
            "Localized": "Red Suspenders"
        }
    },
    "89": {
        "0": {
            "GXT": "CLO_S2F_T_1_0",
            "Localized": "Gold Rim Necklace"
        },
        "1": {
            "GXT": "CLO_S2F_T_1_1",
            "Localized": "Platinum Rim Necklace"
        }
    },
    "90": {
        "0": {
            "GXT": "CLO_S2F_T_1_0",
            "Localized": "Gold Rim Necklace"
        },
        "1": {
            "GXT": "CLO_S2F_T_1_1",
            "Localized": "Platinum Rim Necklace"
        }
    },
    "91": {
        "0": {
            "GXT": "CLO_S2F_T_3_0",
            "Localized": "Gold Alloy Necklace"
        },
        "1": {
            "GXT": "CLO_S2F_T_3_1",
            "Localized": "Platinum Alloy Necklace"
        }
    },
    "92": {
        "0": {
            "GXT": "CLO_S2F_T_3_0",
            "Localized": "Gold Alloy Necklace"
        },
        "1": {
            "GXT": "CLO_S2F_T_3_1",
            "Localized": "Platinum Alloy Necklace"
        }
    },
    "93": {
        "0": {
            "GXT": "CLO_EXF_ET_0_0",
            "Localized": "Gold Bead Necklace"
        },
        "1": {
            "GXT": "CLO_EXF_ET_0_1",
            "Localized": "Pearl Bead Necklace"
        }
    },
    "94": {
        "0": {
            "GXT": "NO_LABEL",
            "Localized": "NULL"
        },
        "1": {
            "GXT": "NO_LABEL",
            "Localized": "NULL"
        }
    },
    "95": {
        "0": {
            "GXT": "NO_LABEL",
            "Localized": "NULL"
        }
    },
    "96": {
        "0": {
            "GXT": "NO_LABEL",
            "Localized": "NULL"
        }
    },
    "97": {
        "0": {
            "GXT": "NO_LABEL",
            "Localized": "NULL"
        }
    },
    "98": {
        "0": {
            "GXT": "NO_LABEL",
            "Localized": "NULL"
        }
    },
    "99": {
        "0": {
            "GXT": "CLO_AWF_T_0",
            "Localized": "Epsilon Medallion"
        }
    },
    "100": {
        "0": {
            "GXT": "CLO_AWF_T_0",
            "Localized": "Epsilon Medallion"
        }
    },
    "101": {
        "0": {
            "GXT": "CLO_AWF_T_0",
            "Localized": "Epsilon Medallion"
        }
    },
    "102": {
        "0": {
            "GXT": "NO_LABEL",
            "Localized": "NULL"
        },
        "1": {
            "GXT": "NO_LABEL",
            "Localized": "NULL"
        },
        "2": {
            "GXT": "NO_LABEL",
            "Localized": "NULL"
        },
        "3": {
            "GXT": "NO_LABEL",
            "Localized": "NULL"
        },
        "4": {
            "GXT": "NO_LABEL",
            "Localized": "NULL"
        },
        "5": {
            "GXT": "NO_LABEL",
            "Localized": "NULL"
        },
        "6": {
            "GXT": "NO_LABEL",
            "Localized": "NULL"
        },
        "7": {
            "GXT": "NO_LABEL",
            "Localized": "NULL"
        },
        "8": {
            "GXT": "NO_LABEL",
            "Localized": "NULL"
        },
        "9": {
            "GXT": "NO_LABEL",
            "Localized": "NULL"
        },
        "10": {
            "GXT": "NO_LABEL",
            "Localized": "NULL"
        },
        "11": {
            "GXT": "NO_LABEL",
            "Localized": "NULL"
        }
    },
    "103": {
        "0": {
            "GXT": "CLO_H3F_T_1_0",
            "Localized": "Dog With Cone Chain"
        }
    },
    "104": {
        "0": {
            "GXT": "CLO_H3F_T_1_0",
            "Localized": "Dog With Cone Chain"
        }
    },
    "105": {
        "0": {
            "GXT": "CLO_H4F_T_0_0",
            "Localized": "Gold LS Pendant"
        },
        "1": {
            "GXT": "CLO_H4F_T_0_1",
            "Localized": "Silver LS Pendant"
        },
        "2": {
            "GXT": "CLO_H4F_T_0_2",
            "Localized": "Copper LS Pendant"
        }
    },
    "106": {
        "0": {
            "GXT": "CLO_H4F_T_0_0",
            "Localized": "Gold LS Pendant"
        },
        "1": {
            "GXT": "CLO_H4F_T_0_1",
            "Localized": "Silver LS Pendant"
        },
        "2": {
            "GXT": "CLO_H4F_T_0_2",
            "Localized": "Copper LS Pendant"
        }
    },
    "107": {
        "0": {
            "GXT": "CLO_H4F_T_2_0",
            "Localized": "White Enamel LS Pendant"
        },
        "1": {
            "GXT": "CLO_H4F_T_2_1",
            "Localized": "Silver Plate LS Pendant"
        },
        "2": {
            "GXT": "CLO_H4F_T_2_2",
            "Localized": "Two-Tone LS Pendant"
        }
    },
    "108": {
        "0": {
            "GXT": "CLO_H4F_T_2_0",
            "Localized": "White Enamel LS Pendant"
        },
        "1": {
            "GXT": "CLO_H4F_T_2_1",
            "Localized": "Silver Plate LS Pendant"
        },
        "2": {
            "GXT": "CLO_H4F_T_2_2",
            "Localized": "Two-Tone LS Pendant"
        }
    },
    "109": {
        "0": {
            "GXT": "CLO_H4F_T_4_0",
            "Localized": "Gold Tags"
        },
        "1": {
            "GXT": "CLO_H4F_T_4_1",
            "Localized": "Silver Tags"
        },
        "2": {
            "GXT": "CLO_H4F_T_4_2",
            "Localized": "Bronze Tags"
        }
    },
    "110": {
        "0": {
            "GXT": "CLO_H4F_T_4_0",
            "Localized": "Gold Tags"
        },
        "1": {
            "GXT": "CLO_H4F_T_4_1",
            "Localized": "Silver Tags"
        },
        "2": {
            "GXT": "CLO_H4F_T_4_2",
            "Localized": "Bronze Tags"
        }
    },
    "111": {
        "0": {
            "GXT": "CLO_H4F_T_6_0",
            "Localized": "Gold L$ Pendant"
        },
        "1": {
            "GXT": "CLO_H4F_T_6_1",
            "Localized": "Silver L$ Pendant"
        },
        "2": {
            "GXT": "CLO_H4F_T_6_2",
            "Localized": "Two-Tone L$ Pendant"
        }
    },
    "112": {
        "0": {
            "GXT": "CLO_H4F_T_6_0",
            "Localized": "Gold L$ Pendant"
        },
        "1": {
            "GXT": "CLO_H4F_T_6_1",
            "Localized": "Silver L$ Pendant"
        },
        "2": {
            "GXT": "CLO_H4F_T_6_2",
            "Localized": "Two-Tone L$ Pendant"
        }
    },
    "113": {
        "0": {
            "GXT": "CLO_H4F_T_8_0",
            "Localized": "Gold Coin Pendant"
        },
        "1": {
            "GXT": "CLO_H4F_T_8_1",
            "Localized": "Silver Coin Pendant"
        },
        "2": {
            "GXT": "CLO_H4F_T_8_2",
            "Localized": "Bronze Coin Pendant"
        }
    },
    "114": {
        "0": {
            "GXT": "CLO_H4F_T_8_0",
            "Localized": "Gold Coin Pendant"
        },
        "1": {
            "GXT": "CLO_H4F_T_8_1",
            "Localized": "Silver Coin Pendant"
        },
        "2": {
            "GXT": "CLO_H4F_T_8_2",
            "Localized": "Bronze Coin Pendant"
        }
    },
    "115": {
        "0": {
            "GXT": "NO_LABEL",
            "Localized": "NULL"
        },
        "1": {
            "GXT": "NO_LABEL",
            "Localized": "NULL"
        },
        "2": {
            "GXT": "NO_LABEL",
            "Localized": "NULL"
        },
        "3": {
            "GXT": "NO_LABEL",
            "Localized": "NULL"
        },
        "4": {
            "GXT": "NO_LABEL",
            "Localized": "NULL"
        },
        "5": {
            "GXT": "NO_LABEL",
            "Localized": "NULL"
        },
        "6": {
            "GXT": "NO_LABEL",
            "Localized": "NULL"
        },
        "7": {
            "GXT": "NO_LABEL",
            "Localized": "NULL"
        },
        "8": {
            "GXT": "NO_LABEL",
            "Localized": "NULL"
        },
        "9": {
            "GXT": "NO_LABEL",
            "Localized": "NULL"
        },
        "10": {
            "GXT": "NO_LABEL",
            "Localized": "NULL"
        },
        "11": {
            "GXT": "NO_LABEL",
            "Localized": "NULL"
        },
        "12": {
            "GXT": "NO_LABEL",
            "Localized": "NULL"
        },
        "13": {
            "GXT": "NO_LABEL",
            "Localized": "NULL"
        },
        "14": {
            "GXT": "NO_LABEL",
            "Localized": "NULL"
        },
        "15": {
            "GXT": "NO_LABEL",
            "Localized": "NULL"
        },
        "16": {
            "GXT": "NO_LABEL",
            "Localized": "NULL"
        }
    },
    "116": {
        "0": {
            "GXT": "NO_LABEL",
            "Localized": "NULL"
        },
        "1": {
            "GXT": "NO_LABEL",
            "Localized": "NULL"
        },
        "2": {
            "GXT": "NO_LABEL",
            "Localized": "NULL"
        },
        "3": {
            "GXT": "NO_LABEL",
            "Localized": "NULL"
        },
        "4": {
            "GXT": "NO_LABEL",
            "Localized": "NULL"
        },
        "5": {
            "GXT": "NO_LABEL",
            "Localized": "NULL"
        },
        "6": {
            "GXT": "NO_LABEL",
            "Localized": "NULL"
        },
        "7": {
            "GXT": "NO_LABEL",
            "Localized": "NULL"
        },
        "8": {
            "GXT": "NO_LABEL",
            "Localized": "NULL"
        },
        "9": {
            "GXT": "NO_LABEL",
            "Localized": "NULL"
        },
        "10": {
            "GXT": "NO_LABEL",
            "Localized": "NULL"
        },
        "11": {
            "GXT": "NO_LABEL",
            "Localized": "NULL"
        },
        "12": {
            "GXT": "NO_LABEL",
            "Localized": "NULL"
        },
        "13": {
            "GXT": "NO_LABEL",
            "Localized": "NULL"
        },
        "14": {
            "GXT": "NO_LABEL",
            "Localized": "NULL"
        },
        "15": {
            "GXT": "NO_LABEL",
            "Localized": "NULL"
        },
        "16": {
            "GXT": "NO_LABEL",
            "Localized": "NULL"
        }
    },
    "117": {
        "0": {
            "GXT": "NO_LABEL",
            "Localized": "NULL"
        },
        "1": {
            "GXT": "NO_LABEL",
            "Localized": "NULL"
        },
        "2": {
            "GXT": "NO_LABEL",
            "Localized": "NULL"
        },
        "3": {
            "GXT": "NO_LABEL",
            "Localized": "NULL"
        },
        "4": {
            "GXT": "NO_LABEL",
            "Localized": "NULL"
        },
        "5": {
            "GXT": "NO_LABEL",
            "Localized": "NULL"
        },
        "6": {
            "GXT": "NO_LABEL",
            "Localized": "NULL"
        },
        "7": {
            "GXT": "NO_LABEL",
            "Localized": "NULL"
        },
        "8": {
            "GXT": "NO_LABEL",
            "Localized": "NULL"
        },
        "9": {
            "GXT": "NO_LABEL",
            "Localized": "NULL"
        },
        "10": {
            "GXT": "NO_LABEL",
            "Localized": "NULL"
        },
        "11": {
            "GXT": "NO_LABEL",
            "Localized": "NULL"
        },
        "12": {
            "GXT": "NO_LABEL",
            "Localized": "NULL"
        },
        "13": {
            "GXT": "NO_LABEL",
            "Localized": "NULL"
        },
        "14": {
            "GXT": "NO_LABEL",
            "Localized": "NULL"
        },
        "15": {
            "GXT": "NO_LABEL",
            "Localized": "NULL"
        },
        "16": {
            "GXT": "NO_LABEL",
            "Localized": "NULL"
        }
    },
    "118": {
        "0": {
            "GXT": "CLO_H4F_T_13_0",
            "Localized": "Blue Glow Necklace"
        },
        "1": {
            "GXT": "CLO_H4F_T_13_1",
            "Localized": "Red Glow Necklace"
        },
        "2": {
            "GXT": "CLO_H4F_T_13_2",
            "Localized": "Pink Glow Necklace"
        },
        "3": {
            "GXT": "CLO_H4F_T_13_3",
            "Localized": "Yellow Glow Necklace"
        },
        "4": {
            "GXT": "CLO_H4F_T_13_4",
            "Localized": "Orange Glow Necklace"
        },
        "5": {
            "GXT": "CLO_H4F_T_13_5",
            "Localized": "Green Glow Necklace"
        },
        "6": {
            "GXT": "CLO_H4F_T_13_6",
            "Localized": "Festival Glow Necklace"
        },
        "7": {
            "GXT": "CLO_H4F_T_13_7",
            "Localized": "Carnival Glow Necklace"
        },
        "8": {
            "GXT": "CLO_H4F_T_13_8",
            "Localized": "Tropical Glow Necklace"
        },
        "9": {
            "GXT": "CLO_H4F_T_13_9",
            "Localized": "Hot Glow Necklace"
        },
        "10": {
            "GXT": "CLO_H4F_T_13_10",
            "Localized": "Neon Glow Necklace"
        },
        "11": {
            "GXT": "CLO_H4F_T_13_11",
            "Localized": "Party Glow Necklace"
        },
        "12": {
            "GXT": "CLO_H4F_T_13_12",
            "Localized": "Sunset Glow Necklace"
        },
        "13": {
            "GXT": "CLO_H4F_T_13_13",
            "Localized": "Radiant Glow Necklace"
        },
        "14": {
            "GXT": "CLO_H4F_T_13_14",
            "Localized": "Sunrise Glow Necklace"
        },
        "15": {
            "GXT": "CLO_H4F_T_13_15",
            "Localized": "Session Glow Necklace"
        }
    },
    "119": {
        "0": {
            "GXT": "CLO_H4F_T_13_0",
            "Localized": "Blue Glow Necklace"
        },
        "1": {
            "GXT": "CLO_H4F_T_13_1",
            "Localized": "Red Glow Necklace"
        },
        "2": {
            "GXT": "CLO_H4F_T_13_2",
            "Localized": "Pink Glow Necklace"
        },
        "3": {
            "GXT": "CLO_H4F_T_13_3",
            "Localized": "Yellow Glow Necklace"
        },
        "4": {
            "GXT": "CLO_H4F_T_13_4",
            "Localized": "Orange Glow Necklace"
        },
        "5": {
            "GXT": "CLO_H4F_T_13_5",
            "Localized": "Green Glow Necklace"
        },
        "6": {
            "GXT": "CLO_H4F_T_13_6",
            "Localized": "Festival Glow Necklace"
        },
        "7": {
            "GXT": "CLO_H4F_T_13_7",
            "Localized": "Carnival Glow Necklace"
        },
        "8": {
            "GXT": "CLO_H4F_T_13_8",
            "Localized": "Tropical Glow Necklace"
        },
        "9": {
            "GXT": "CLO_H4F_T_13_9",
            "Localized": "Hot Glow Necklace"
        },
        "10": {
            "GXT": "CLO_H4F_T_13_10",
            "Localized": "Neon Glow Necklace"
        },
        "11": {
            "GXT": "CLO_H4F_T_13_11",
            "Localized": "Party Glow Necklace"
        },
        "12": {
            "GXT": "CLO_H4F_T_13_12",
            "Localized": "Sunset Glow Necklace"
        },
        "13": {
            "GXT": "CLO_H4F_T_13_13",
            "Localized": "Radiant Glow Necklace"
        },
        "14": {
            "GXT": "CLO_H4F_T_13_14",
            "Localized": "Sunrise Glow Necklace"
        },
        "15": {
            "GXT": "CLO_H4F_T_13_15",
            "Localized": "Session Glow Necklace"
        }
    },
    "120": {
        "0": {
            "GXT": "NO_LABEL",
            "Localized": "NULL"
        }
    },
    "121": {
        "0": {
            "GXT": "NO_LABEL",
            "Localized": "NULL"
        }
    },
    "122": {
        "0": {
            "GXT": "NO_LABEL",
            "Localized": "NULL"
        }
    }
}