{
    "engine": "48 8B 0D ? ? ? ? E8 ? ? ? ? 48 85 ? 74 ? 33 DB",
    "process_event": "E8 ? ? ? ? 48 8B 74 24 ? 48 8B 5C 24 ? 48 8B 6C 24 ? 48 83 C4 20 5F C3 40 57",
    "guobject_array": "48 8B 05 ? ? ? ? C1 F9 10 48 63 C9 48 8B 14 C8 4B 8D 0C 40 4C 8D 04 CA EB 03",
    "fname_pool": "48 8D 0D ? ? ? ? E8 ? ? ? ? C6 05 ? ? ? ? ? 0F 10 03 4C 8D 44 24 ? 48 8B C8 48 8D 54 24 ? 0F 29 44 24",
    "battle_point": "48 89 ? ? ? 57 48 83 EC ? 8B FA 48 8B ? E8 ? ? ? ? 3C ? 75 ? 8B 93",
    "credit_handler": "48 89 ? ? ? 48 89 ? ? ? 48 89 ? ? ? 57 48 83 EC ? 4C 8B ? ? ? ? ? 33 F6",
    "item_handler": "45 8D ? ? 45 89 ? ? 45 3B",
    "screen_resolution": "0F 5B D0 0F 5B C9 0F 14 D1 F2 41 0F 11 10 C3"
}